{
	"description": "<p>Rutor.lib :: Свободный торрент трекер<p>Для дополнительной информации, посетите  <a href=\"http://rutor.lib\">http://rutor.lib</a>",
	"author": "in1975", 
	"homepage": "https://github.com/nikolaevich23/movian-plugin",
	"title": "Rutor",
	"synopsis": "Rutor.lib :: Свободный торрент трекер",
	"version": "0.3.4",
        "file": "rutor.js",
	"showtimeVersion": "4.8",
	"type": "ecmascript",
	"icon": "logo.png",
	"id": "rutor",
	"category": "video",
        "apiversion": 2
}
