{
    "type": "ecmascript",
    "apiversion": 2,
    "id": "HDRezka",
    "file": "HDRezka.js",
    "showtimeVersion": "5",
    "version": "2.6.5",
    "downloadURL": "http://bit.ly/_HDRezka",
    "author": "Buksa",
    "title": "HDRezka",
    "icon": "HDRezka.png",
    "category": "video",
    "synopsis": "HDRezka - онлайн фильмы в хорошем качестве",
    "description": "<p>HDRezka - plugin is the integration of the website <a href=\"http://hdrezka.me\">HDRezka.me</a> into Movian",
    "homepage": "https://github.com/Buksa/movian-plugin-HDRezka.tv"
}