{
  "type": "ecmascript",
  "apiversion": 2,
  "id": "HDRezka.TV",
  "file": "HDRezka.TV.js",
  "showtimeVersion": "5",
  "version": "2.6.8.1",
  "author": "Buksa (fix by kovalDN)",
  "title": "HDRezka.TV",
  "icon": "HDRezka.TV.png",
  "synopsis": "Онлайн кинотеатр HDRezka для просмотра фильмов, мультфильмов, сериалов и прочего контента",
  "category": "video",
  "description": "<p>Плагин для Movian для доступа к онлайн кинотеатру HDRezka через зеркала сайта, <a href=\"http://hdrezkayou.com\">http://hdrezkayou.com</a></a>",
  "homepage": "https://github.com/Buksa/movian-plugin-HDRezka.tv",
  "downloadURL": "https://bit.ly/MP-HDRezka-TV"
}