{
	"description": "<p><b>Источник filmix.co</b><p><p><b>Сказать спасибо</b>:<p><b>WebMoney WMZ</b>: Z219603876298<br><b>WebMoney WME</b>: E963549818958<br><b>Яндекс</b>: 410014408956639<br>или<br>https://money.yandex.ru/to/410014408956639",
	"author": "Skomeika", 
	"homepage": "https://filmix.co",
	"title": "Filmix",
	"synopsis": "Filmix",
	"version": "1.0.2",
    "file": "filmix.js",
	"showtimeVersion": "5",
	"type": "ecmascript",
	"icon": "logo.png",
	"id": "filmix",
	"category": "video"
}
